insert into user_info (username,email,password,is_profile_setup,Name,Gender,age,Lang,room_city,room_area,dist_to_transport,food_pref,drinker,shift,profile_picture,en_suite_Bathroom,Passions,have_roof) values 
('user1', 'lrchema@gmail.com', 'abc123', 1, 'Aadhira', 'M', 32, 'Telugu', 'Chennai', 'Mylapore', 10, 'Non-Vegetarian', 1, 'Night', 'M1.jpg', '0', 'Reviewing', 1),
('user2', 'lrchema@gmail.com', 'abc123', 1, 'Aakaar', 'M', 34, 'Telugu', 'Chennai', 'Ashok Nagar', 18, 'Vegetarian', 0, 'Night', 'M1.jpg', '1', 'Animals', 1),
('user3', 'lrchema@gmail.com', 'abc123', 1, 'Anjaneya', 'M', 27, 'Tamil', 'Chennai', 'Ashok Nagar', 17, 'Non-Vegetarian', 1, 'Day', 'M2.jpg', '1', 'Reviewing', 1),
('user4', 'lrchema@gmail.com', 'abc123', 1, 'Aatreya', 'M', 37, 'Tamil', 'Chennai', 'K.K. Nagar', 12, 'Non-Vegetarian', 0, 'Day', 'M1.jpg', '0', 'Spirituality', 1),
('user5', 'lrchema@gmail.com', 'abc123', 1, 'Advith', 'M', 32, 'Tamil', 'Chennai', 'Mylapore', 17, 'Non-Vegetarian', 0, 'Day', 'M2.jpg', '0', 'Programming', 1),
('user6', 'lrchema@gmail.com', 'abc123', 1, 'Balan', 'M', 38, 'Tamil', 'Chennai', 'Mylapore', 7, 'Vegetarian', 1, 'Night', 'M3.jpg', '0', 'Singing', 1),
('user7', 'lrchema@gmail.com', 'abc123', 1, 'Biju', 'M', 35, 'Tamil', 'Chennai', 'K.K. Nagar', 11, 'Vegetarian', 1, 'Day', 'M2.jpg', '1', 'Dancing', 1),
('user8', 'lrchema@gmail.com', 'abc123', 1, 'Bhavyesh', 'M', 23, 'Tamil', 'Chennai', 'K.K. Nagar', 7, 'Non-Vegetarian', 1, 'Night', 'M3.jpg', '0', 'Making and composing', 1),
('user9', 'lrchema@gmail.com', 'abc123', 1, 'Chandresh', 'M', 20, 'Tamil', 'Chennai', 'K.K. Nagar', 8, 'Vegetarian', 0, 'Day', 'M4.jpg', '0', 'Dancing', 1),
('user10', 'lrchema@gmail.com', 'abc123', 1, 'Chathresh', 'M', 20, 'Kannada', 'Chennai', 'Mugappair', 10, 'Vegetarian', 0, 'Day', 'M1.jpg', '0', 'Cooking', 1),
('user11', 'lrchema@gmail.com', 'abc123', 1, 'Chiranjeev', 'M', 37, 'Kannada', 'Chennai', 'Ashok Nagar', 19, 'Non-Vegetarian', 1, 'Night', 'M3.jpg', '1', 'Travel', 1),
('user12', 'lrchema@gmail.com', 'abc123', 1, 'Devarya', 'M', 28, 'Tamil', 'Chennai', 'Mylapore', 17, 'Non-Vegetarian', 0, 'Night', 'M4.jpg', '1', 'Playing an instrument', 1),
('user13', 'lrchema@gmail.com', 'abc123', 1, 'Dhruvan', 'M', 40, 'Telugu', 'Chennai', 'Triplicane', 15, 'Non-Vegetarian', 0, 'Night', 'M1.jpg', '1', 'Animals', 1),
('user14', 'lrchema@gmail.com', 'abc123', 1, 'Drishith', 'M', 38, 'Tamil', 'Chennai', 'Mugappair', 19, 'Non-Vegetarian', 1, 'Day', 'M2.jpg', '1', 'Travel', 1),
('user15', 'lrchema@gmail.com', 'abc123', 1, 'Eegaiarasu', 'M', 31, 'Tamil', 'Chennai', 'Mylapore', 6, 'Non-Vegetarian', 1, 'Day', 'M5.jpg', '1', 'Gardening', 1),
('user16', 'lrchema@gmail.com', 'abc123', 1, 'Ekachakra', 'M', 36, 'Tamil', 'Chennai', 'Ashok Nagar', 5, 'Non-Vegetarian', 1, 'Day', 'M4.jpg', '0', 'Cooking', 1),
('user17', 'lrchema@gmail.com', 'abc123', 1, 'Elango', 'M', 30, 'Telugu', 'Chennai', 'K.K. Nagar', 13, 'Vegetarian', 0, 'Day', 'M5.jpg', '1', 'Photography', 1),
('user18', 'lrchema@gmail.com', 'abc123', 1, 'Elavarasan', 'M', 30, 'Telugu', 'Chennai', 'Mylapore', 11, 'Vegetarian', 0, 'Day', 'M6.jpg', '0', 'Gardening', 1),
('user19', 'lrchema@gmail.com', 'abc123', 1, 'Elisaiyan', 'M', 23, 'Tamil', 'Chennai', 'Mugappair', 14, 'Non-Vegetarian', 0, 'Day', 'M3.jpg', '1', 'Creating or Editing', 1),
('user20', 'lrchema@gmail.com', 'abc123', 1, 'Elilvendan', 'M', 23, 'Telugu', 'Chennai', 'Mylapore', 13, 'Vegetarian', 0, 'Day', 'M7.jpg', '1', 'Cooking', 1),
('user21', 'lrchema@gmail.com', 'abc123', 1, 'Gnanam', 'M', 39, 'Kannada', 'Chennai', 'Triplicane', 8, 'Vegetarian', 1, 'Night', 'M2.jpg', '0', 'Photography', 1),
('user22', 'lrchema@gmail.com', 'abc123', 1, 'Gunasekaran', 'M', 29, 'Kannada', 'Chennai', 'K.K. Nagar', 13, 'Vegetarian', 1, 'Night', 'M6.jpg', '0', 'Making and composing', 1),
('user23', 'lrchema@gmail.com', 'abc123', 1, 'Ilaiyaraja', 'M', 28, 'Kannada', 'Chennai', 'Triplicane', 15, 'Non-Vegetarian', 1, 'Night', 'M3.jpg', '0', 'Photography', 1),
('user24', 'lrchema@gmail.com', 'abc123', 1, 'Ilakkiyan', 'M', 24, 'Kannada', 'Chennai', 'K.K. Nagar', 7, 'Non-Vegetarian', 1, 'Day', 'M7.jpg', '0', 'Cooking', 1),
('user25', 'lrchema@gmail.com', 'abc123', 1, 'Ilamaran', 'M', 21, 'Telugu', 'Chennai', 'K.K. Nagar', 8, 'Non-Vegetarian', 1, 'Day', 'M8.jpg', '0', 'Creating or Editing', 1),
('user26', 'lrchema@gmail.com', 'abc123', 1, 'Ilanthirayan', 'M', 25, 'Tamil', 'Chennai', 'Ashok Nagar', 12, 'Non-Vegetarian', 1, 'Day', 'M5.jpg', '0', 'Creating or Editing', 1),
('user27', 'lrchema@gmail.com', 'abc123', 1, 'Irumporai', 'M', 39, 'Tamil', 'Chennai', 'Triplicane', 11, 'Non-Vegetarian', 1, 'Day', 'M4.jpg', '1', 'Animals', 1),
('user28', 'lrchema@gmail.com', 'abc123', 1, 'Jaganath', 'M', 27, 'Tamil', 'Chennai', 'K.K. Nagar', 8, 'Vegetarian', 1, 'Night', 'M9.jpg', '1', 'Dancing', 1),
('user29', 'lrchema@gmail.com', 'abc123', 1, 'Jagath', 'M', 32, 'Kannada', 'Chennai', 'Triplicane', 13, 'Vegetarian', 1, 'Day', 'M5.jpg', '1', 'Nature', 1),
('user30', 'lrchema@gmail.com', 'abc123', 1, 'Jaithra', 'M', 30, 'Telugu', 'Chennai', 'Triplicane', 11, 'Non-Vegetarian', 0, 'Night', 'M6.jpg', '1', 'Knitting and Crocheting', 1),
('user31', 'lrchema@gmail.com', 'abc123', 1, 'Jegathiswaran', 'M', 29, 'Kannada', 'Chennai', 'Ashok Nagar', 17, 'Non-Vegetarian', 0, 'Day', 'M6.jpg', '1', 'Making and composing', 1),
('user32', 'lrchema@gmail.com', 'abc123', 1, 'Jivathran', 'M', 37, 'Telugu', 'Chennai', 'Ashok Nagar', 8, 'Non-Vegetarian', 1, 'Night', 'M7.jpg', '1', 'Knitting and Crocheting', 1),
('user33', 'lrchema@gmail.com', 'abc123', 1, 'Karthav', 'M', 28, 'Telugu', 'Chennai', 'Triplicane', 16, 'Vegetarian', 0, 'Day', 'M7.jpg', '0', 'Designing', 1),
('user34', 'lrchema@gmail.com', 'abc123', 1, 'Karthik', 'M', 40, 'Telugu', 'Chennai', 'K.K. Nagar', 13, 'Vegetarian', 0, 'Day', 'M10.jpg', '1', 'Knitting and Crocheting', 1),
('user35', 'lrchema@gmail.com', 'abc123', 1, 'Karthikeyan', 'M', 36, 'Telugu', 'Chennai', 'K.K. Nagar', 13, 'Non-Vegetarian', 1, 'Night', 'M11.jpg', '0', 'Nature', 1),
('user36', 'lrchema@gmail.com', 'abc123', 1, 'Lohith', 'M', 20, 'Kannada', 'Chennai', 'K.K. Nagar', 15, 'Vegetarian', 1, 'Day', 'M12.jpg', '1', 'Knitting and Crocheting', 1),
('user37', 'lrchema@gmail.com', 'abc123', 1, 'Loshith', 'M', 19, 'Kannada', 'Chennai', 'Ashok Nagar', 8, 'Vegetarian', 0, 'Night', 'M8.jpg', '1', 'Collecting or organizing', 1),
('user38', 'lrchema@gmail.com', 'abc123', 1, 'Maniraj', 'M', 38, 'Telugu', 'Chennai', 'K.K. Nagar', 11, 'Non-Vegetarian', 1, 'Day', 'M13.jpg', '1', 'Creating or Editing', 1),
('user39', 'lrchema@gmail.com', 'abc123', 1, 'Maaran', 'M', 40, 'Tamil', 'Chennai', 'Ashok Nagar', 20, 'Vegetarian', 0, 'Night', 'M9.jpg', '0', 'Comedy', 1),
('user40', 'lrchema@gmail.com', 'abc123', 1, 'Manikandan', 'M', 27, 'Kannada', 'Chennai', 'Triplicane', 17, 'Non-Vegetarian', 0, 'Night', 'M8.jpg', '0', 'Comedy', 1),
('user41', 'lrchema@gmail.com', 'abc123', 1, 'Martanda', 'M', 31, 'Kannada', 'Chennai', 'Triplicane', 20, 'Vegetarian', 1, 'Night', 'M9.jpg', '1', 'Building or repairing', 1),
('user42', 'lrchema@gmail.com', 'abc123', 1, 'Matanga', 'M', 28, 'Telugu', 'Chennai', 'Mylapore', 5, 'Vegetarian', 0, 'Night', 'M8.jpg', '0', 'Photography', 1),
('user43', 'lrchema@gmail.com', 'abc123', 1, 'Maharth', 'M', 36, 'Tamil', 'Chennai', 'Mylapore', 5, 'Non-Vegetarian', 0, 'Day', 'M9.jpg', '1', 'Spirituality', 1),
('user44', 'lrchema@gmail.com', 'abc123', 1, 'Mallesh', 'M', 27, 'Tamil', 'Chennai', 'K.K. Nagar', 6, 'Non-Vegetarian', 1, 'Night', 'M14.jpg', '1', 'Animals', 1),
('user45', 'lrchema@gmail.com', 'abc123', 1, 'Nagulan', 'M', 20, 'Kannada', 'Chennai', 'Mugappair', 17, 'Vegetarian', 0, 'Day', 'M4.jpg', '1', 'Decluttering or cleaning', 1),
('user46', 'lrchema@gmail.com', 'abc123', 1, 'Nallasivan', 'M', 30, 'Kannada', 'Chennai', 'Mylapore', 18, 'Vegetarian', 0, 'Day', 'M10.jpg', '0', 'Collecting or organizing', 1),
('user47', 'lrchema@gmail.com', 'abc123', 1, 'Nagarajan', 'M', 26, 'Telugu', 'Chennai', 'Triplicane', 6, 'Non-Vegetarian', 1, 'Night', 'M10.jpg', '1', 'Comedy', 1),
('user48', 'lrchema@gmail.com', 'abc123', 1, 'Nikith', 'M', 33, 'Kannada', 'Chennai', 'Mugappair', 9, 'Non-Vegetarian', 0, 'Night', 'M5.jpg', '1', 'Knitting and Crocheting', 1),
('user49', 'lrchema@gmail.com', 'abc123', 1, 'Nilan', 'M', 24, 'Telugu', 'Chennai', 'Mugappair', 9, 'Non-Vegetarian', 0, 'Day', 'M6.jpg', '0', 'Photography', 1),
('user50', 'lrchema@gmail.com', 'abc123', 1, 'Nithin', 'M', 23, 'Telugu', 'Chennai', 'Mugappair', 20, 'Vegetarian', 1, 'Night', 'M7.jpg', '1', 'Decluttering or cleaning', 1),
('user51', 'lrchema@gmail.com', 'abc123', 1, 'Nageshwaran', 'M', 24, 'Tamil', 'Chennai', 'Mylapore', 5, 'Non-Vegetarian', 1, 'Day', 'M11.jpg', '0', 'Designing', 1),
('user52', 'lrchema@gmail.com', 'abc123', 1, 'Oppilan', 'M', 26, 'Kannada', 'Chennai', 'Ashok Nagar', 7, 'Vegetarian', 0, 'Night', 'M10.jpg', '1', 'Nature', 1),
('user53', 'lrchema@gmail.com', 'abc123', 1, 'Paraman', 'M', 22, 'Kannada', 'Chennai', 'Mugappair', 14, 'Non-Vegetarian', 1, 'Day', 'M8.jpg', '0', 'Adventure sports', 1),
('user54', 'lrchema@gmail.com', 'abc123', 1, 'Pavalan', 'M', 23, 'Telugu', 'Chennai', 'Mylapore', 18, 'Non-Vegetarian', 1, 'Day', 'M12.jpg', '0', 'Creating or Editing', 1),
('user55', 'lrchema@gmail.com', 'abc123', 1, 'Rameshwar', 'M', 32, 'Kannada', 'Chennai', 'Mugappair', 19, 'Vegetarian', 0, 'Night', 'M9.jpg', '0', 'Cooking', 1),
('user56', 'lrchema@gmail.com', 'abc123', 1, 'Revanth', 'M', 28, 'Kannada', 'Chennai', 'Mugappair', 15, 'Non-Vegetarian', 1, 'Day', 'M10.jpg', '1', 'Nature', 1),
('user57', 'lrchema@gmail.com', 'abc123', 1, 'Rajanikanta', 'M', 40, 'Telugu', 'Chennai', 'K.K. Nagar', 9, 'Non-Vegetarian', 0, 'Day', 'M15.jpg', '1', 'Making and composing', 1),
('user58', 'lrchema@gmail.com', 'abc123', 1, 'Samath', 'M', 21, 'Kannada', 'Chennai', 'K.K. Nagar', 16, 'Non-Vegetarian', 0, 'Day', 'M16.jpg', '0', 'Reading fiction', 1),
('user59', 'lrchema@gmail.com', 'abc123', 1, 'Sarvanavel', 'M', 30, 'Tamil', 'Chennai', 'Mugappair', 8, 'Vegetarian', 1, 'Day', 'M11.jpg', '1', 'Playing or gaming', 1),
('user60', 'lrchema@gmail.com', 'abc123', 1, 'Saswin', 'M', 30, 'Tamil', 'Chennai', 'Mylapore', 11, 'Vegetarian', 1, 'Day', 'M13.jpg', '1', 'Dancing', 1),
('user61', 'lrchema@gmail.com', 'abc123', 1, 'Senthil', 'M', 26, 'Kannada', 'Chennai', 'Mugappair', 8, 'Vegetarian', 1, 'Night', 'M12.jpg', '1', 'Making and composing', 1),
('user62', 'lrchema@gmail.com', 'abc123', 1, 'Thillaivanan', 'M', 25, 'Telugu', 'Chennai', 'Triplicane', 7, 'Vegetarian', 0, 'Day', 'M11.jpg', '0', 'Comedy', 1),
('user63', 'lrchema@gmail.com', 'abc123', 1, 'Thangaraj', 'M', 34, 'Tamil', 'Chennai', 'Triplicane', 14, 'Vegetarian', 1, 'Day', 'M12.jpg', '0', 'Decluttering or cleaning', 1),
('user64', 'lrchema@gmail.com', 'abc123', 1, 'Thirugnanam', 'M', 34, 'Telugu', 'Chennai', 'Triplicane', 5, 'Vegetarian', 0, 'Day', 'M13.jpg', '0', 'Gardening', 1),
('user65', 'lrchema@gmail.com', 'abc123', 1, 'Thevan', 'M', 20, 'Tamil', 'Chennai', 'Mugappair', 7, 'Vegetarian', 1, 'Night', 'M13.jpg', '1', 'Creating or Editing', 1),
('user66', 'lrchema@gmail.com', 'abc123', 1, 'Thirumal', 'M', 21, 'Tamil', 'Chennai', 'Mylapore', 15, 'Non-Vegetarian', 1, 'Day', 'M14.jpg', '1', 'Creating or Editing', 1),
('user67', 'lrchema@gmail.com', 'abc123', 1, 'Trinath', 'M', 25, 'Tamil', 'Chennai', 'Mylapore', 7, 'Non-Vegetarian', 0, 'Day', 'M15.jpg', '0', 'Comedy', 1),
('user68', 'lrchema@gmail.com', 'abc123', 1, 'Ulagan', 'M', 19, 'Kannada', 'Chennai', 'Mugappair', 6, 'Non-Vegetarian', 1, 'Night', 'M14.jpg', '0', 'Travel', 1),
('user69', 'lrchema@gmail.com', 'abc123', 1, 'Ulagarasan', 'M', 40, 'Telugu', 'Chennai', 'Mylapore', 11, 'Non-Vegetarian', 0, 'Night', 'M16.jpg', '0', 'Photography', 1),
('user70', 'lrchema@gmail.com', 'abc123', 1, 'Vaidyanathan', 'M', 34, 'Tamil', 'Chennai', 'Ashok Nagar', 9, 'Non-Vegetarian', 0, 'Day', 'M11.jpg', '0', 'Knitting and Crocheting', 1),
('user71', 'lrchema@gmail.com', 'abc123', 1, 'Aadita', 'F', 21, 'Telugu', 'Chennai', 'Triplicane', 15, 'Non-Vegetarian', 0, 'Night', 'F1.jpg', '1', 'Singing', 1),
('user72', 'lrchema@gmail.com', 'abc123', 1, 'Aakshi', 'F', 39, 'Kannada', 'Chennai', 'Mylapore', 7, 'Non-Vegetarian', 0, 'Day', 'F1.jpg', '0', 'Animals', 1),
('user73', 'lrchema@gmail.com', 'abc123', 1, 'Abhitha', 'F', 22, 'Telugu', 'Chennai', 'Mylapore', 15, 'Vegetarian', 1, 'Night', 'F2.jpg', '0', 'Gardening', 1),
('user74', 'lrchema@gmail.com', 'abc123', 1, 'Alagi', 'F', 22, 'Tamil', 'Chennai', 'Mylapore', 17, 'Non-Vegetarian', 0, 'Night', 'F3.jpg', '0', 'Making and composing', 1),
('user75', 'lrchema@gmail.com', 'abc123', 1, 'Amala', 'F', 19, 'Telugu', 'Chennai', 'Mylapore', 13, 'Vegetarian', 1, 'Day', 'F4.jpg', '1', 'Creating or Editing', 1),
('user76', 'lrchema@gmail.com', 'abc123', 1, 'Arasi', 'F', 22, 'Kannada', 'Chennai', 'Triplicane', 20, 'Non-Vegetarian', 0, 'Day', 'F2.jpg', '0', 'Building or repairing', 1),
('user77', 'lrchema@gmail.com', 'abc123', 1, 'Bhavi', 'F', 29, 'Kannada', 'Chennai', 'Triplicane', 14, 'Non-Vegetarian', 0, 'Night', 'F3.jpg', '1', 'Cooking', 1),
('user78', 'lrchema@gmail.com', 'abc123', 1, 'Bhrithi', 'F', 35, 'Telugu', 'Chennai', 'Mugappair', 6, 'Vegetarian', 0, 'Day', 'F1.jpg', '0', 'Cooking', 1),
('user79', 'lrchema@gmail.com', 'abc123', 1, 'Chaithra', 'F', 20, 'Tamil', 'Chennai', 'Mugappair', 18, 'Non-Vegetarian', 0, 'Night', 'F2.jpg', '0', 'Photography', 1),
('user80', 'lrchema@gmail.com', 'abc123', 1, 'Charvitha', 'F', 32, 'Kannada', 'Chennai', 'Mylapore', 8, 'Non-Vegetarian', 1, 'Night', 'F5.jpg', '0', 'Singing', 1),
('user81', 'lrchema@gmail.com', 'abc123', 1, 'Charusila', 'F', 28, 'Tamil', 'Chennai', 'Triplicane', 12, 'Vegetarian', 1, 'Night', 'F4.jpg', '1', 'Cooking', 1),
('user82', 'lrchema@gmail.com', 'abc123', 1, 'Chinnamani', 'F', 30, 'Telugu', 'Chennai', 'K.K. Nagar', 5, 'Non-Vegetarian', 1, 'Night', 'F1.jpg', '1', 'Singing', 1),
('user83', 'lrchema@gmail.com', 'abc123', 1, 'Devasree', 'F', 39, 'Telugu', 'Chennai', 'Mugappair', 6, 'Non-Vegetarian', 0, 'Night', 'F3.jpg', '1', 'Cooking', 1),
('user84', 'lrchema@gmail.com', 'abc123', 1, 'Devadarshini', 'F', 28, 'Telugu', 'Chennai', 'Triplicane', 16, 'Vegetarian', 0, 'Day', 'F5.jpg', '0', 'Spirituality', 1),
('user85', 'lrchema@gmail.com', 'abc123', 1, 'Dhariyithri', 'F', 32, 'Telugu', 'Chennai', 'Mylapore', 18, 'Vegetarian', 0, 'Day', 'F6.jpg', '0', 'Cooking', 1),
('user86', 'lrchema@gmail.com', 'abc123', 1, 'Dhruvika', 'F', 29, 'Tamil', 'Chennai', 'K.K. Nagar', 11, 'Non-Vegetarian', 0, 'Night', 'F2.jpg', '0', 'Event hosting or celebration', 1),
('user87', 'lrchema@gmail.com', 'abc123', 1, 'Dharnitha', 'F', 20, 'Telugu', 'Chennai', 'Ashok Nagar', 5, 'Non-Vegetarian', 0, 'Day', 'F1.jpg', '0', 'Knitting and Crocheting', 1),
('user88', 'lrchema@gmail.com', 'abc123', 1, 'Divyasree', 'F', 33, 'Kannada', 'Chennai', 'Ashok Nagar', 15, 'Non-Vegetarian', 1, 'Night', 'F2.jpg', '0', 'Building or repairing', 1),
('user89', 'lrchema@gmail.com', 'abc123', 1, 'Drithi', 'F', 27, 'Kannada', 'Chennai', 'K.K. Nagar', 17, 'Non-Vegetarian', 0, 'Day', 'F3.jpg', '0', 'Making and composing', 1),
('user90', 'lrchema@gmail.com', 'abc123', 1, 'Ektha', 'F', 28, 'Tamil', 'Chennai', 'Triplicane', 11, 'Vegetarian', 0, 'Day', 'F6.jpg', '1', 'Animals', 1),
('user91', 'lrchema@gmail.com', 'abc123', 1, 'Eelampirai', 'F', 19, 'Tamil', 'Chennai', 'Mugappair', 16, 'Non-Vegetarian', 0, 'Night', 'F4.jpg', '0', 'Decluttering or cleaning', 1),
('user92', 'lrchema@gmail.com', 'abc123', 1, 'Eesvari', 'F', 35, 'Telugu', 'Chennai', 'K.K. Nagar', 19, 'Vegetarian', 0, 'Night', 'F4.jpg', '1', 'Making and composing', 1),
('user93', 'lrchema@gmail.com', 'abc123', 1, 'Ekaparnika', 'F', 26, 'Tamil', 'Chennai', 'Mylapore', 8, 'Vegetarian', 1, 'Night', 'F7.jpg', '1', 'Animals', 1),
('user94', 'lrchema@gmail.com', 'abc123', 1, 'Elavarasi', 'F', 33, 'Telugu', 'Chennai', 'Mugappair', 19, 'Non-Vegetarian', 1, 'Day', 'F5.jpg', '0', 'Making and composing', 1),
('user95', 'lrchema@gmail.com', 'abc123', 1, 'Elili', 'F', 29, 'Kannada', 'Chennai', 'Mugappair', 19, 'Non-Vegetarian', 0, 'Night', 'F6.jpg', '1', 'Making and composing', 1),
('user96', 'lrchema@gmail.com', 'abc123', 1, 'Eshwaritha', 'F', 23, 'Telugu', 'Chennai', 'K.K. Nagar', 15, 'Non-Vegetarian', 1, 'Day', 'F5.jpg', '1', 'Making and composing', 1),
('user97', 'lrchema@gmail.com', 'abc123', 1, 'Gathika', 'F', 19, 'Tamil', 'Chennai', 'K.K. Nagar', 17, 'Vegetarian', 0, 'Night', 'F6.jpg', '1', 'Creating or Editing', 1),
('user98', 'lrchema@gmail.com', 'abc123', 1, 'Gayanthika', 'F', 35, 'Kannada', 'Chennai', 'Mugappair', 9, 'Non-Vegetarian', 0, 'Day', 'F7.jpg', '1', 'Playing or gaming', 1),
('user99', 'lrchema@gmail.com', 'abc123', 1, 'Geethanvitha', 'F', 36, 'Telugu', 'Chennai', 'Triplicane', 9, 'Vegetarian', 1, 'Night', 'F7.jpg', '0', 'Dancing', 1),
('user100', 'lrchema@gmail.com', 'abc123', 1, 'Gomathi', 'F', 28, 'Tamil', 'Chennai', 'Mugappair', 14, 'Non-Vegetarian', 1, 'Night', 'F8.jpg', '1', 'Building or repairing', 1),
('user101', 'lrchema@gmail.com', 'abc123', 1, 'Gunamaalai', 'F', 27, 'Tamil', 'Chennai', 'K.K. Nagar', 20, 'Non-Vegetarian', 0, 'Night', 'F7.jpg', '0', 'Nature', 1),
('user102', 'lrchema@gmail.com', 'abc123', 1, 'Gnanavalli', 'F', 29, 'Tamil', 'Chennai', 'K.K. Nagar', 14, 'Vegetarian', 0, 'Day', 'F8.jpg', '0', 'Playing or gaming', 1),
('user103', 'lrchema@gmail.com', 'abc123', 1, 'Gunamalar', 'F', 29, 'Telugu', 'Chennai', 'K.K. Nagar', 18, 'Vegetarian', 0, 'Day', 'F9.jpg', '1', 'Decluttering or cleaning', 1),
('user104', 'lrchema@gmail.com', 'abc123', 1, 'Gunasundari', 'F', 21, 'Telugu', 'Chennai', 'Mylapore', 14, 'Non-Vegetarian', 0, 'Night', 'F8.jpg', '1', 'Reviewing', 1),
('user105', 'lrchema@gmail.com', 'abc123', 1, 'Haarathi', 'F', 32, 'Telugu', 'Chennai', 'Ashok Nagar', 13, 'Non-Vegetarian', 0, 'Night', 'F3.jpg', '0', 'Collecting or organizing', 1),
('user106', 'lrchema@gmail.com', 'abc123', 1, 'Hanshitha', 'F', 39, 'Kannada', 'Chennai', 'Triplicane', 8, 'Non-Vegetarian', 1, 'Day', 'F8.jpg', '0', 'Nature', 1),
('user107', 'lrchema@gmail.com', 'abc123', 1, 'Harishini', 'F', 40, 'Telugu', 'Chennai', 'K.K. Nagar', 13, 'Non-Vegetarian', 0, 'Night', 'F10.jpg', '0', 'Playing or gaming', 1),
('user108', 'lrchema@gmail.com', 'abc123', 1, 'Hamsavahini', 'F', 22, 'Kannada', 'Chennai', 'Ashok Nagar', 6, 'Non-Vegetarian', 0, 'Night', 'F4.jpg', '1', 'Event hosting or celebration', 1),
('user109', 'lrchema@gmail.com', 'abc123', 1, 'Idhithri', 'F', 33, 'Kannada', 'Chennai', 'K.K. Nagar', 13, 'Vegetarian', 1, 'Day', 'F11.jpg', '0', 'Building or repairing', 1),
('user110', 'lrchema@gmail.com', 'abc123', 1, 'Idhaya', 'F', 38, 'Tamil', 'Chennai', 'Triplicane', 13, 'Non-Vegetarian', 1, 'Day', 'F9.jpg', '0', 'Animals', 1),
('user111', 'lrchema@gmail.com', 'abc123', 1, 'Inimai', 'F', 35, 'Kannada', 'Chennai', 'K.K. Nagar', 17, 'Non-Vegetarian', 1, 'Night', 'F12.jpg', '1', 'Gardening', 1),
('user112', 'lrchema@gmail.com', 'abc123', 1, 'Ilavalagi', 'F', 23, 'Kannada', 'Chennai', 'Mylapore', 16, 'Non-Vegetarian', 1, 'Day', 'F9.jpg', '0', 'Gardening', 1),
('user113', 'lrchema@gmail.com', 'abc123', 1, 'Kalaiarasi', 'F', 37, 'Kannada', 'Chennai', 'Mugappair', 20, 'Vegetarian', 1, 'Day', 'F9.jpg', '0', 'Nature', 1),
('user114', 'lrchema@gmail.com', 'abc123', 1, 'Kanayali', 'F', 35, 'Kannada', 'Chennai', 'Triplicane', 17, 'Vegetarian', 0, 'Day', 'F10.jpg', '0', 'Programming', 1),
('user115', 'lrchema@gmail.com', 'abc123', 1, 'Kanimoli', 'F', 31, 'Telugu', 'Chennai', 'Mylapore', 19, 'Non-Vegetarian', 1, 'Day', 'F10.jpg', '1', 'Decluttering or cleaning', 1),
('user116', 'lrchema@gmail.com', 'abc123', 1, 'Kayalvizhi', 'F', 25, 'Telugu', 'Chennai', 'Triplicane', 10, 'Non-Vegetarian', 1, 'Night', 'F11.jpg', '0', 'Travel', 1),
('user117', 'lrchema@gmail.com', 'abc123', 1, 'Lakshmika', 'F', 31, 'Kannada', 'Chennai', 'Mylapore', 9, 'Vegetarian', 0, 'Day', 'F11.jpg', '0', 'Singing', 1),
('user118', 'lrchema@gmail.com', 'abc123', 1, 'Lirthika', 'F', 31, 'Kannada', 'Chennai', 'Mylapore', 8, 'Vegetarian', 1, 'Day', 'F12.jpg', '1', 'Making and composing', 1),
('user119', 'lrchema@gmail.com', 'abc123', 1, 'Malaimagal', 'F', 19, 'Telugu', 'Chennai', 'K.K. Nagar', 5, 'Vegetarian', 1, 'Night', 'F13.jpg', '1', 'Reading fiction', 1),
('user120', 'lrchema@gmail.com', 'abc123', 1, 'Mangai', 'F', 24, 'Telugu', 'Chennai', 'Mugappair', 12, 'Vegetarian', 1, 'Day', 'F10.jpg', '1', 'Photography', 1),
('user121', 'lrchema@gmail.com', 'abc123', 1, 'Manikuntala', 'F', 22, 'Kannada', 'Chennai', 'Mylapore', 6, 'Vegetarian', 1, 'Night', 'F13.jpg', '0', 'Creating or Editing', 1),
('user122', 'lrchema@gmail.com', 'abc123', 1, 'Nallarasi', 'F', 40, 'Tamil', 'Chennai', 'Mylapore', 6, 'Non-Vegetarian', 1, 'Night', 'F14.jpg', '0', 'Decluttering or cleaning', 1),
('user123', 'lrchema@gmail.com', 'abc123', 1, 'Nallini', 'F', 27, 'Telugu', 'Chennai', 'Ashok Nagar', 5, 'Non-Vegetarian', 0, 'Day', 'F5.jpg', '0', 'Gardening', 1),
('user124', 'lrchema@gmail.com', 'abc123', 1, 'Ojaswitha', 'F', 21, 'Telugu', 'Chennai', 'Mylapore', 10, 'Non-Vegetarian', 0, 'Night', 'F15.jpg', '0', 'Dancing', 1),
('user125', 'lrchema@gmail.com', 'abc123', 1, 'Olimani', 'F', 31, 'Tamil', 'Chennai', 'Ashok Nagar', 17, 'Non-Vegetarian', 1, 'Night', 'F6.jpg', '0', 'Making and composing', 1),
('user126', 'lrchema@gmail.com', 'abc123', 1, 'Ovya', 'F', 26, 'Kannada', 'Chennai', 'Mugappair', 20, 'Vegetarian', 1, 'Day', 'F11.jpg', '1', 'Event hosting or celebration', 1),
('user127', 'lrchema@gmail.com', 'abc123', 1, 'Pavalam', 'F', 25, 'Kannada', 'Chennai', 'K.K. Nagar', 7, 'Vegetarian', 0, 'Night', 'F14.jpg', '0', 'Singing', 1),
('user128', 'lrchema@gmail.com', 'abc123', 1, 'Prajaktha', 'F', 24, 'Kannada', 'Chennai', 'Ashok Nagar', 8, 'Non-Vegetarian', 0, 'Day', 'F7.jpg', '0', 'Event hosting or celebration', 1),
('user129', 'lrchema@gmail.com', 'abc123', 1, 'Pranusha', 'F', 39, 'Tamil', 'Chennai', 'Mugappair', 13, 'Vegetarian', 0, 'Night', 'F12.jpg', '1', 'Event hosting or celebration', 1),
('user130', 'lrchema@gmail.com', 'abc123', 1, 'Sathya', 'F', 31, 'Tamil', 'Chennai', 'Ashok Nagar', 10, 'Non-Vegetarian', 0, 'Day', 'F8.jpg', '0', 'Playing or gaming', 1),
('user131', 'lrchema@gmail.com', 'abc123', 1, 'Shresthi', 'F', 32, 'Tamil', 'Chennai', 'Ashok Nagar', 6, 'Vegetarian', 0, 'Day', 'F9.jpg', '1', 'Decluttering or cleaning', 1),
('user132', 'lrchema@gmail.com', 'abc123', 1, 'Sethuramani', 'F', 23, 'Tamil', 'Chennai', 'Ashok Nagar', 18, 'Non-Vegetarian', 1, 'Day', 'F10.jpg', '1', 'Creating or Editing', 1),
('user133', 'lrchema@gmail.com', 'abc123', 1, 'Thanvi', 'F', 33, 'Kannada', 'Chennai', 'Ashok Nagar', 20, 'Vegetarian', 0, 'Night', 'F11.jpg', '1', 'Travel', 1),
('user134', 'lrchema@gmail.com', 'abc123', 1, 'Thanya', 'F', 32, 'Kannada', 'Chennai', 'Ashok Nagar', 11, 'Non-Vegetarian', 0, 'Day', 'F12.jpg', '1', 'Cooking', 1),
('user135', 'lrchema@gmail.com', 'abc123', 1, 'Thanmayi', 'F', 40, 'Kannada', 'Chennai', 'Mylapore', 9, 'Non-Vegetarian', 0, 'Night', 'F16.jpg', '1', 'Making and composing', 1),
('user136', 'lrchema@gmail.com', 'abc123', 1, 'Tilakavati', 'F', 24, 'Telugu', 'Chennai', 'K.K. Nagar', 19, 'Non-Vegetarian', 0, 'Night', 'F15.jpg', '0', 'Adventure sports', 1),
('user137', 'lrchema@gmail.com', 'abc123', 1, 'Tvarika', 'F', 21, 'Tamil', 'Chennai', 'Triplicane', 8, 'Vegetarian', 1, 'Day', 'F12.jpg', '0', 'Collecting or organizing', 1),
('user138', 'lrchema@gmail.com', 'abc123', 1, 'Umamaheshwari', 'F', 39, 'Tamil', 'Chennai', 'Mylapore', 5, 'Vegetarian', 1, 'Night', 'F17.jpg', '0', 'Travel', 1),
('user139', 'lrchema@gmail.com', 'abc123', 1, 'Veeramagal', 'F', 24, 'Tamil', 'Chennai', 'Mylapore', 14, 'Non-Vegetarian', 1, 'Day', 'F18.jpg', '1', 'Decluttering or cleaning', 1),
('user140', 'lrchema@gmail.com', 'abc123', 1, 'Viviktha', 'F', 38, 'Tamil', 'Chennai', 'K.K. Nagar', 5, 'vegetarian', 1, 'night', 'F16.jpg', '0', 'Travel', 1);

insert into passions (passion) values 
('Reviewing'),
('Animals'),
('Spirituality'),
('Programming'),
('Singing'),
('Dancing'),
('Making and composing'),
('Cooking'),
('Travel'),
('Playing an instrument'),
('Gardening'),
('Photography'),
('Creating or Editing'),
('Nature'),
('Knitting and Crocheting'),
('Designing'),
('Collecting or organizing'),
('Comedy'),
('Building or repairing'),
('Decluttering or cleaning'),
('Adventure sports'),
('Reading fiction'),
('Playing or gaming'),
('Event hosting or celebration');


insert into city_areas values(id,'Chennai','Red Hills');
insert into city_areas values(id,'Chennai','Royapuram');
insert into city_areas values(id,'Chennai','Korukkupet');
insert into city_areas values(id,'Chennai','Vyasarpadi');
insert into city_areas values(id,'Chennai','Tondiarpet');
insert into city_areas values(id,'Chennai','Tiruvottiyur');
insert into city_areas values(id,'Chennai','Ennore');
insert into city_areas values(id,'Chennai','Minjur');
insert into city_areas values(id,'Chennai','Old Washermenpet');
insert into city_areas values(id,'Chennai','Madhavaram');
insert into city_areas values(id,'Chennai','Manali New Town');
insert into city_areas values(id,'Chennai','Naravarikuppam');
insert into city_areas values(id,'Chennai','Sowcarpet');
insert into city_areas values(id,'Chennai','Puzhal');
insert into city_areas values(id,'Chennai','Moolakadai');
insert into city_areas values(id,'Chennai','Central');
insert into city_areas values(id,'Chennai','Kodungaiyur');
insert into city_areas values(id,'Chennai','Madhavaram Milk Colony');
insert into city_areas values(id,'Chennai','Mathur MMDA');
insert into city_areas values(id,'Chennai','Surapet');
insert into city_areas values(id,'Chennai','Parrys Corner');
insert into city_areas values(id,'Chennai','Manali');
insert into city_areas values(id,'Chennai','Vallalar Nagar');
insert into city_areas values(id,'Chennai','New Washermenpet');
insert into city_areas values(id,'Chennai','Mannadi');
insert into city_areas values(id,'Chennai','George Town');
insert into city_areas values(id,'Chennai','Basin Bridge');
insert into city_areas values(id,'Chennai','Park Town');
insert into city_areas values(id,'Chennai','Periamet');
insert into city_areas values(id,'Chennai','Pattalam');
insert into city_areas values(id,'Chennai','Pulianthope');
insert into city_areas values(id,'Chennai','M.K.B. Nagar');
insert into city_areas values(id,'Chennai','Selavoyal');
insert into city_areas values(id,'Chennai','Manjambakkam');
insert into city_areas values(id,'Chennai','Ponniammanmedu');
insert into city_areas values(id,'Chennai','Sembiam');
insert into city_areas values(id,'Chennai','T.V.K. Nagar');
insert into city_areas values(id,'Chennai','ICF Colony');
insert into city_areas values(id,'Chennai','Lakshmipuram');
insert into city_areas values(id,'Chennai','Kathivakkam');
insert into city_areas values(id,'Chennai','Kathirvedu');
insert into city_areas values(id,'Chennai','Erukanchery');
insert into city_areas values(id,'Chennai','Broadway');
insert into city_areas values(id,'Chennai','Kosapet');
insert into city_areas values(id,'Chennai','Otteri');
insert into city_areas values(id,'Chennai','Porur');
insert into city_areas values(id,'Chennai','manapakkam');
insert into city_areas values(id,'Chennai','Anna Nagar');
insert into city_areas values(id,'Chennai','Aminjikarai');
insert into city_areas values(id,'Chennai','Ambattur');
insert into city_areas values(id,'Chennai','Kundrathur');
insert into city_areas values(id,'Chennai','Defence Colony');
insert into city_areas values(id,'Chennai','Mannurpet');
insert into city_areas values(id,'Chennai','Padi');
insert into city_areas values(id,'Chennai','Ayappakkam');
insert into city_areas values(id,'Chennai','Korattur');
insert into city_areas values(id,'Chennai','Mogappair');
insert into city_areas values(id,'Chennai','Arumbakkam');
insert into city_areas values(id,'Chennai','Avadi');
insert into city_areas values(id,'Chennai','Pudur');
insert into city_areas values(id,'Chennai','Maduravoyal');
insert into city_areas values(id,'Chennai','Koyambedu');
insert into city_areas values(id,'Chennai','Ashok Nagar');
insert into city_areas values(id,'Chennai','K.K. Nagar');
insert into city_areas values(id,'Chennai','Karambakkam');
insert into city_areas values(id,'Chennai','Vadapalani');
insert into city_areas values(id,'Chennai','Saligramam');
insert into city_areas values(id,'Chennai','Virugambakkam');
insert into city_areas values(id,'Chennai','Alwarthirunagar');
insert into city_areas values(id,'Chennai','Valasaravakkam');
insert into city_areas values(id,'Chennai','Thirunindravur');
insert into city_areas values(id,'Chennai','Pattabiram');
insert into city_areas values(id,'Chennai','Thirumangalam');
insert into city_areas values(id,'Chennai','Thirumullaivayal');
insert into city_areas values(id,'Chennai','Thiruverkadu');
insert into city_areas values(id,'Chennai','Nandambakkam');
insert into city_areas values(id,'Chennai','Nerkundrum');
insert into city_areas values(id,'Chennai','Nesapakkam');
insert into city_areas values(id,'Chennai','Nolambur');
insert into city_areas values(id,'Chennai','Ramapuram');
insert into city_areas values(id,'Chennai','Mugalivakkam');
insert into city_areas values(id,'Chennai','Mangadu');
insert into city_areas values(id,'Chennai','M.G.R. Nagar');
insert into city_areas values(id,'Chennai','M.G.R. Garden');
insert into city_areas values(id,'Chennai','Alapakkam');
insert into city_areas values(id,'Chennai','Poonamallee');
insert into city_areas values(id,'Chennai','Mowlivakkam');
insert into city_areas values(id,'Chennai','Gerugambakkam');
insert into city_areas values(id,'Chennai','CMDA Colony');
insert into city_areas values(id,'Chennai','Thirumazhisai');
insert into city_areas values(id,'Chennai','Iyyapanthangal');
insert into city_areas values(id,'Chennai','Annanur');
insert into city_areas values(id,'Chennai','Teynampet');
insert into city_areas values(id,'Chennai','Thousand Lights');
insert into city_areas values(id,'Chennai','Gopalapuram');
insert into city_areas values(id,'Chennai','Mylapore');
insert into city_areas values(id,'Chennai','Chromepet');
insert into city_areas values(id,'Chennai','Egmore');
insert into city_areas values(id,'Chennai','Chetpet');
insert into city_areas values(id,'Chennai','Perungudi');
insert into city_areas values(id,'Chennai','Sholinganallur');
insert into city_areas values(id,'Chennai','Alandur');
insert into city_areas values(id,'Chennai','Adambakkam');
insert into city_areas values(id,'Chennai','Adyar');
insert into city_areas values(id,'Chennai','Besant Nagar');
insert into city_areas values(id,'Chennai','Triplicane');
insert into city_areas values(id,'Chennai','T. Nagar');
insert into city_areas values(id,'Chennai','Thiruvanmiyur');
insert into city_areas values(id,'Chennai','Saidapet');
insert into city_areas values(id,'Chennai','Guindy');
insert into city_areas values(id,'Chennai','Madipakkam');
insert into city_areas values(id,'Chennai','Nanganallur');
insert into city_areas values(id,'Chennai','Velachery');
insert into city_areas values(id,'Chennai','Taramani');
insert into city_areas values(id,'Chennai','Pallikaranai');
insert into city_areas values(id,'Chennai','Keelkattalai');
insert into city_areas values(id,'Chennai','Kovilambakkam');
insert into city_areas values(id,'Chennai','Thoraipakkam');
insert into city_areas values(id,'Chennai','Neelankarai');
insert into city_areas values(id,'Chennai','Injambakkam');
insert into city_areas values(id,'Chennai','Hastinapuram');
insert into city_areas values(id,'Chennai','Pallavaram');
insert into city_areas values(id,'Chennai','Pozhichalur');
insert into city_areas values(id,'Chennai','Pammal');
insert into city_areas values(id,'Chennai','Nagalkeni');
insert into city_areas values(id,'Chennai','Tambaram');
insert into city_areas values(id,'Chennai','Selaiyur');
insert into city_areas values(id,'Chennai','Irumbuliyur');
insert into city_areas values(id,'Chennai','Kadaperi');
insert into city_areas values(id,'Chennai','Perungalathur');
insert into city_areas values(id,'Chennai','Pazhavanthangal');
insert into city_areas values(id,'Chennai','Peerkankaranai');
insert into city_areas values(id,'Chennai','Mudichur');
insert into city_areas values(id,'Chennai','Vandalur');
insert into city_areas values(id,'Chennai','Kolappakkam');
insert into city_areas values(id,'Chennai','Mambakkam');
insert into city_areas values(id,'Chennai','Palavakkam');
insert into city_areas values(id,'Chennai','Varadharajapuram');
insert into city_areas values(id,'Chennai','Medavakkam');
insert into city_areas values(id,'Chennai','West Mambalam');
insert into city_areas values(id,'Chennai','Kottivakkam');
insert into city_areas values(id,'Chennai','Pudupet');
insert into city_areas values(id,'Chennai','Gummidipoondi');
insert into city_areas values(id,'Chennai','Pazhaverkadu');
insert into city_areas values(id,'Chennai','Ponneri');
insert into city_areas values(id,'Chennai','Athipattu');
insert into city_areas values(id,'Chennai','Sholavaram');
insert into city_areas values(id,'Chennai','Minjur');
insert into city_areas values(id,'Chennai','Red Hills');
insert into city_areas values(id,'Chennai','Ennore');
insert into city_areas values(id,'Chennai','Tiruvallur');
insert into city_areas values(id,'Chennai','Kadambathur');
insert into city_areas values(id,'Chennai','Arakkonam');
insert into city_areas values(id,'Chennai','Tamaraipakkam');
insert into city_areas values(id,'Chennai','Sriperumbudur');
insert into city_areas values(id,'Chennai','Chembarambakkam');
insert into city_areas values(id,'Chennai','Singaperumalkoil');
insert into city_areas values(id,'Chennai','Maraimalai nagar');
insert into city_areas values(id,'Chennai','Urapakkam');
insert into city_areas values(id,'Chennai','Guduvanchery');
insert into city_areas values(id,'Chennai','Karapakkam');
insert into city_areas values(id,'Chennai','Kanathur');
insert into city_areas values(id,'Chennai','Uthandi');
insert into city_areas values(id,'Chennai','Muthukadu');
insert into city_areas values(id,'Chennai','Kelambakkam');
insert into city_areas values(id,'Chennai','Kovalam');
insert into city_areas values(id,'Chennai','Siruseri');
